<?xml version="1.0" encoding="UTF-8"?>
<project-private xmlns="http://www.netbeans.org/ns/project-private/1">
    <editor-bookmarks xmlns="http://www.netbeans.org/ns/editor-bookmarks/2" lastBookmarkId="0"/>
    <open-files xmlns="http://www.netbeans.org/ns/projectui-open-files/2">
        <group>
            <file>file:/C:/Users/Damidu/Downloads/Laundry%20Managment%20System/Laundry%20Managment%20System%20222/src/model/employee.java</file>
            <file>file:/C:/Users/Damidu/Downloads/Laundry%20Managment%20System/Laundry%20Managment%20System%20222/src/model/Product.java</file>
            <file>file:/C:/Users/Damidu/Downloads/Laundry%20Managment%20System/Laundry%20Managment%20System%20222/src/laundry/managment/system/Login.java</file>
            <file>file:/C:/Users/Damidu/Downloads/Laundry%20Managment%20System/Laundry%20Managment%20System%20222/src/model/User.java</file>
            <file>file:/C:/Users/Damidu/Downloads/Laundry%20Managment%20System/Laundry%20Managment%20System%20222/src/dao/ProductDao.java</file>
            <file>file:/C:/Users/Damidu/Downloads/Laundry%20Managment%20System/Laundry%20Managment%20System%20222/src/model/Category.java</file>
            <file>file:/C:/Users/Damidu/Downloads/Laundry%20Managment%20System/Laundry%20Managment%20System%20222/src/dao/BillDao.java</file>
            <file>file:/C:/Users/Damidu/Downloads/Laundry%20Managment%20System/Laundry%20Managment%20System%20222/src/laundry/managment/system/VerifyUsers.java</file>
            <file>file:/C:/Users/Damidu/Downloads/Laundry%20Managment%20System/Laundry%20Managment%20System%20222/src/dao/UserDao.java</file>
            <file>file:/C:/Users/Damidu/Downloads/Laundry%20Managment%20System/Laundry%20Managment%20System%20222/src/dao/DbOperation.java</file>
            <file>file:/C:/Users/Damidu/Downloads/Laundry%20Managment%20System/Laundry%20Managment%20System%20222/src/dao/tables.java</file>
            <file>file:/C:/Users/Damidu/Downloads/Laundry%20Managment%20System/Laundry%20Managment%20System%20222/src/model/Bill.java</file>
            <file>file:/C:/Users/Damidu/Downloads/Laundry%20Managment%20System/Laundry%20Managment%20System%20222/src/dao/employeeDao.java</file>
            <file>file:/C:/Users/Damidu/Downloads/Laundry%20Managment%20System/Laundry%20Managment%20System%20222/src/dao/ConnectionProvider.java</file>
            <file>file:/C:/Users/Damidu/Downloads/Laundry%20Managment%20System/Laundry%20Managment%20System%20222/src/dao/CategoryDao.java</file>
        </group>
    </open-files>
</project-private>
